Features,APC,ATM,BML,ARHGEF12,BCL11B,BRCA1,BRCA2,CARS,CBFA2T3,CDH1,CDH11,CEBPA,CHEK2,CREBBP,CYLD,EXT1,EXT2,FLT3,FOXP1,GPC3,IDH1,JAK2,MAP2K4,MEN1,MLH1,NF1,NOTCH1,NPM1,NUP98,PALB2,PML,PTEN,RB1,RUNX1,SDHB,SMARCA4,SMARCB1,STK11,SUFU,SUZ12,SYK,TCF3,TNFAIP3,TP53,TSC1,TSC2,VHL,WRN,WT1
Substitution-nonsense,3229,350,19,27,10,78,142,8,8,177,16,34,29,238,47,11,14,40,40,18,14,53,69,126,78,613,410,6,24,28,9,890,551,159,159,141,120,183,8,22,18,10,71,3894,100,97,366,23,158
Substitution-missense,1333,1753,340,272,290,610,933,123,172,535,367,191,335,1150,191,184,140,2249,260,130,10229,47544,273,333,351,1069,2152,87,352,317,191,2038,459,724,724,981,254,444,165,186,236,173,269,24389,401,667,1277,262,435
Substitution-synonymous,276,159,70,81,130,116,184,69,51,89,183,36,75,222,59,73,45,209,71,41,50,180,30,64,61,308,456,24,76,85,77,60,56,59,59,187,49,38,39,27,88,47,63,722,96,180,88,88,118
Insertion-inframe,5,3,0,0,3,0,1,0,0,4,0,399,0,3,0,0,0,13272,0,0,0,18,1,3,0,2,119,45,0,0,0,25,4,39,39,3,1,1,0,1,0,0,0,99,2,0,17,1,8
Insertion-frameshift,1049,71,5,2,18,21,59,0,1,160,0,329,8,54,11,1,0,38,17,0,9,10,14,48,18,143,252,3814,4,6,3,490,100,302,302,22,40,39,11,10,5,3,50,755,14,23,303,8,383
Deletion-inframe,11,30,3,0,13,2,11,1,0,29,1,65,0,52,0,1,0,102,11,2,1,119,2,26,7,20,147,10,2,2,3,102,16,11,11,27,11,20,0,3,1,3,4,522,8,25,116,7,11
Deletion-frameshift,2117,212,53,7,10,63,159,5,3,219,11,322,18,131,23,6,3,22,20,0,10,18,32,199,54,339,777,1,17,33,5,931,262,147,147,97,100,135,15,15,7,20,94,2188,67,61,1009,5,97
Complex-mut.,40,17,1,0,8,2,7,0,0,31,0,93,3,9,0,0,0,36,3,0,1,96,3,11,5,27,243,49,0,1,0,65,15,16,16,9,1,21,1,2,0,0,3,167,9,3,75,0,80
Other-mut.,180,18,0,0,0,8,9,1,0,23,1,512,0,18,10,0,0,1736,1,0,97,2578,17,11,11,80,103,2461,0,1,0,357,93,147,147,11,223,30,1,0,0,0,33,6903,5,12,83,0,93
Over-expression,390,290,724,284,394,691,666,471,340,395,407,591,678,520,300,1033,516,314,305,651,465,375,325,632,366,519,444,536,413,642,388,305,398,375,445,599,576,387,290,642,336,474,333,402,440,506,377,490,329
Under-expression,183,58,4,202,2,11,17,46,19,69,0,2,34,131,122,36,95,0,68,0,5,19,732,130,296,193,2,30,320,160,69,589,433,27,194,144,189,292,229,143,59,29,3,528,149,133,188,147,7
No. of samples,7241,2561,479,390,457,895,1453,206,233,1365,570,1539,446,1851,342,262,202,17366,440,199,10397,50602,494,840,611,2657,4261,6508,488,468,282,4892,1885,1589,1589,1476,795,1009,259,275,349,259,578,40027,741,1072,3422,403,1322
,,,,,,,,,,,,,,,,,,,,,,,,,,,,,,,,,,,,,,,,,,,,,,,,,
